"","tytuly","rok","dlugosc","imieslow","sie","ze","iz"
"1","Ksw3w","1380","2501","2","28","0","27"
"2","Gn3w","1390","9307","10","137","0","68"
"3","Fl3win","1400","34198","3","702","0","49"
"4","Sul3w","1449","36455","96","329","45","194"
"5","R_XXII_230_3183w","1450","3980","2","52","1","0"
"6","blaz3w","1450","670","4","18","0","1"
"7","BZ3w","1455","139987","301","1942","106","332"
"8","OrtMac3w","1455","35123","19","351","0","261"
"9","OrtOssol3w","1460","36734","31","375","0","270"
"10","Pul3w","1460","37277","5","716","0","158"
"11","dzial3w","1465","14057","87","91","0","114"
"12","piesni3w","1475","18917","17","318","1","59"
"13","MW3w","1482","11665","6","172","0","64"
"14","EwZam3w","1490","5275","40","119","0","36"
"15","Naw3w","1490","6600","8","60","1","19"
"16","ListTat3w","1500","344","1","5","0","2"
"17","Rozm2u","1510","113743","779","1924","0","1382"
"18","BierRaj","1513","3163","0","0","0","0"
"19","Koszyczek+Marcholt","1521","5808","23","95","1","25"
"20","ForCnR","1524","5083","34","101","2","34"
"21","Murm","1528","33728","0","14","3","0"
"22","Wrobel+Zoltarz","1528","10066","14","194","0","71"
"23","KlerPow","1530","752","0","12","2","1"
"24","BG-Kpl","1532","18708","31","265","12","1"
"25","BartBydg","1532","23899","1","0","0","0"
"26","Spiczynski+Modlitwa","1533","6786","28","99","26","13"
"27","TarDuch","1533","8557","21","386","4","4"
"28","Falimirz+O-ziolach","1534","10105","83","49","0","16"
"29","Bielski+zywoty","1535","27843","90","637","129","97"
"30","Glaber+Gadki","1535","10297","13","235","5","93"
"31","BierRozm","1536","2972","6","83","2","16"
"32","KlerWes","1539","785","0","22","8","3"
"33","Jan+Poncjan","1540","10705","111","176","2","142"
"34","Anon+Ksiegi","1542","11207","21","254","79","79"
"35","LudWies","1544","2243","4","53","1","5"
"36","Ps-Laski+Napomnienie","1545","7925","8","156","40","54"
"37","MrowPies","1556","530","0","1","1","2"
"38","BielKom","1557","11434","13","284","2","38"
"39","GliczKsiaz","1558","37564","2","1004","186","271"
"40","Wojciech+Rycerstwo","1558","10125","28","190","1","123"
"41","Leop1","1561","32874","34","536","154","31"
"42","Leop2","1561","35744","16","551","165","51"
"43","Leop3","1561","33355","4","700","73","51"
"44","Leop4","1561","50528","86","953","220","150"
"45","OrzList","1561","8116","14","123","19","81"
"46","UstPraw","1561","23902","69","174","8","156"
"47","LeszczRzecz","1562","1688","3","18","10","2"
"48","WyprKr","1562","6446","0","0","1","0"
"49","OrzRozm","1563","33152","48","380","176","59"
"50","SienLek","1564","24221","77","191","17","102"
"51","Bielski+Sejm","1565","7813","33","156","5","26"
"52","LeovPrzep","1565","8265","3","129","43","21"
"53","BialKat","1567","28563","49","338","96","218"
"54","BielSat","1567","9666","31","217","3","33"
"55","HistLan","1568","11276","48","228","29","93"
"56","Rej_Zywot","1568","9720","31","301","12","86"
"57","BielSpr","1569","34064","186","610","5","200"
"58","Postepek","1570","26264","61","531","13","190"
"59","WujJud-1","1570","39088","54","511","339","91"
"60","WujJud-2","1570","40433","55","478","364","66"
"61","WujJud","1570","79539","109","988","703","156"
"62","RejPosWstaw","1571","16379","42","301","120","44"
"63","HistHel","1572","5117","34","85","7","31"
"64","MycPrz","1573","10421","30","260","62","30"
"65","Strum","1573","18145","73","267","123","15"
"66","WierKroc","1573","2777","10","76","16","13"
"67","KochOdpr","1578","4944","7","70","37","3"
"68","Oczko","1578","26994","221","432","196","134"
"69","NiemObr","1583","58074","218","1242","14","626"
"70","KochFr","1584","15044","50","257","62","11"
"71","Wujek+Poczecie","1584","4470","10","66","39","10"
"72","KlonZal","1585","5020","6","96","4","3"
"73","KochMRot","1585","2399","1","39","2","0"
"74","ReszPrz","1585","32148","61","482","65","258"
"75","WerKaz","1585","5128","8","93","12","35"
"76","WisznTr","1585","5490","16","150","8","14"
"77","BielSen","1586","3394","3","63","6","6"
"78","BielSjem","1586","7395","31","152","2","26"
"79","PudlFr","1586","12597","19","269","36","63"
"80","BielRozm","1587","6431","17","151","2","26"
"81","KmitaPsal","1587","1392","0","13","1","3"
"82","Calep","1588","67293","23","530","2","0"
"83","GrochKal","1588","3105","8","35","5","3"
"84","Phil","1588","16678","87","320","105","52"
"85","OrzJan","1590","22453","66","414","200","69"
"86","OstrEpit","1590","1028","2","12","4","0"
"87","WyprPl","1590","3789","5","107","15","4"
"88","LatHar","1592","111033","267","1866","134","224"
"89","KolakCath","1593","3949","16","55","2","8"
"90","KolakSzczesl","1593","4591","8","64","13","13"
"91","RybGesli","1593","5192","12","87","17","2"
"92","WysKaz","1593","13832","32","218","134","84"
"93","SiebRozmysl","1594","13205","96","230","27","50"
"94","WitoslLut","1594","2030","3","30","3","2"
"95","KlonKr","1595","5023","38","60","4","1"
"96","KmitaSpit","1595","6534","18","107","14","14"
"97","PowodPr","1595","26612","69","503","22","245"
"98","CzahTr","1597","16061","45","293","73","18"
"99","GoslCast","1597","16511","35","279","23","45"
"100","SkorWinsz","1598","676","2","10","1","0"
"101","SapEpit","1599","2745","0","51","1","2"
"102","Klonowic_Dworstwo","1600","6921","45","177","6","18"
"103","RybWit","1600","904","2","11","2","1"
"104","ZbylPrzyg","1600","3594","2","93","7","2"
"105","WierszForBad","1601","5554","12","153","20","11"
"106","ZloteJarzmo","1601","9886","45","144","99","12"
"107","DorHip","1603","53147","386","825","180","133"
"108","PaxUlis","1603","9032","50","215","14","44"
"109","PrzewKos","1603","7297","18","45","16","2"
"110","TorRoz","1603","14556","71","342","133","16"
"111","WaezList","1603","6657","31","138","87","22"
"112","BiallozorList","1605","2546","21","53","9","22"
"113","GladBarwBad","1605","1223","10","17","1","3"
"114","KraDzien","1605","9652","18","123","18","19"
"115","MowaZamojCz_II","1605","2964","3","69","25","7"
"116","NowinyInfl","1605","1546","17","31","6","1"
"117","CollatioCz_III","1606","6454","20","114","42","6"
"118","CompNaprCz_III","1606","1010","2","13","5","5"
"119","ConsTryumfCz_III","1606","375","1","6","3","3"
"120","DecPerorCz_III","1606","3604","15","85","12","9"
"121","DefRokCz_II","1606","972","2","22","7","2"
"122","DeklPisCz_II","1606","5073","13","84","64","8"
"123","DyskRokCz_II","1606","4239","20","72","36","15"
"124","DyskSzlachCz_II","1606","2229","3","46","13","4"
"125","DyskZacCz_II","1606","12603","42","336","99","12"
"126","HerburtStrzalaCz_II","1606","2248","17","41","9","4"
"127","JezuitRespCz_III","1606","4378","8","83","54","3"
"128","KonczRokCz_III","1606","382","4","11","9","0"
"129","KrysPasCz_II","1606","1584","14","36","2","5"
"130","LibResCz_II","1606","3781","0","54","26","10"
"131","LibRokCz_II","1606","237","0","2","2","2"
"132","ListBisCz_II","1606","1000","0","28","6","2"
"133","MarszWojCz_II","1606","2314","14","53","32","7"
"134","MowaKoprzCz_II","1606","2076","6","30","10","1"
"135","OpisDostCz_III","1606","9109","48","219","111","16"
"136","OpisPrawCz_III","1606","3119","18","69","50","11"
"137","PismoPotwarzCz_II","1606","3554","10","49","28","9"
"138","PrakStezCz_II","1606","946","8","16","6","6"
"139","PrzestSposCz_II","1606","3337","15","59","16","15"
"140","ReskryptSzlachCz_II","1606","4796","11","74","35","3"
"141","RespDuchCzII","1606","2732","2","69","23","1"
"142","RewerListCzII","1606","6313","5","135","32","2"
"143","RozRokCz_II","1606","12221","48","332","163","7"
"144","RzeczyNapCz_II","1606","2141","12","34","6","5"
"145","SkarArtykulCz_III","1606","7320","6","148","0","33"
"146","SkarRokCz_II","1606","1526","13","22","11","2"
"147","SkryptSluszCz_II","1606","2283","8","53","35","1"
"148","SkryptWojCz_II","1606","9875","28","183","90","58"
"149","SposPodCz_II","1606","3059","6","52","6","1"
"150","UmKamGeb","1606","913","0","8","1","3"
"151","VotKatCz_II","1606","2215","6","51","22","4"
"152","VotSejmCz_II","1606","3655","20","62","30","9"
"153","VotSzlachCz_II","1606","1940","13","33","20","1"
"154","VotumCz_II","1606","539","2","3","2","1"
"155","WotKazCz_II","1606","3891","4","73","31","11"
"156","ZdanieSzlachCz_II","1606","2342","7","48","12","2"
"157","ZebrzCredensCz_III","1606","3517","24","73","35","28"
"158","ZebrzMyszkZatargCzII","1606","10305","47","181","106","27"
"159","ZebrzSkryptCz_III","1606","2910","11","54","23","19"
"160","ZniesKalCz_II","1606","10132","20","205","161","10"
"161","BazylAntidotCz_III","1607","2536","10","49","15","1"
"162","BazylCz_III","1607","515","1","18","2","3"
"163","DictCalCz_II","1607","188","0","1","0","0"
"164","GenRevCz_III","1607","3082","23","79","16","1"
"165","List1KontrybCz_III","1607","1102","2","31","7","1"
"166","List2KontrybCz_III","1607","1600","0","54","15","10"
"167","List3KontrybCz_III","1607","845","4","16","11","1"
"168","MyszkZdanieCz_III","1607","1581","5","37","16","1"
"169","ObjasPrerogCz_III","1607","1677","9","25","9","5"
"170","ObmowPrymasCz_III","1607","353","0","3","5","0"
"171","OstrowPismoCz_III","1607","451","3","14","2","1"
"172","PekosRytwCz_II","1607","753","0","5","3","0"
"173","PekosSkryptCz_III","1607","2058","10","52","16","1"
"174","PienHip","1607","6506","40","131","16","4"
"175","PokNiewinCz_III","1607","3151","21","70","25","9"
"176","PrzestPotrzCz_II","1607","3746","13","111","28","3"
"177","PrzyczKonwCz_III","1607","764","3","26","4","0"
"178","RepRespCz_III","1607","1317","7","31","2","9"
"179","RespWizCz_III","1607","2355","6","42","19","2"
"180","RokJak_Cz_III","1607","4823","22","84","26","17"
"181","RozSynCz_II","1607","3573","17","68","25","2"
"182","TrabaRuszCz_III","1607","839","3","21","12","0"
"183","WizPostCz_III","1607","968","4","23","8","0"
"184","WsiadRokCz_II","1607","1178","0","35","12","1"
"185","ZebrzApolCz_III","1607","17229","62","369","197","11"
"186","CenzProgCz_III","1608","4658","18","108","41","20"
"187","CezWargFranc","1608","72195","726","1537","528","275"
"188","GrochWirydarz","1608","7246","15","136","19","7"
"189","HerbutPunktaCz_III","1608","1094","0","26","6","2"
"190","VerdBlazSet","1608","19158","110","577","202","90"
"191","ZdanieUspokCz_III","1608","648","3","19","6","2"
"192","BotLeczRel_III","1609","76391","135","1315","59","647"
"193","BotLeczRel_II","1609","43107","65","762","24","311"
"194","BotLeczRel_IV","1609","85628","318","1670","95","657"
"195","BotLeczRel_V","1609","34662","93","688","50","251"
"196","KoniecATest","1609","3678","5","67","14","0"
"197","MirJon","1609","9155","18","183","70","6"
"198","PiesnSzuj","1609","634","6","12","5","1"
"199","WitkWol","1609","11576","21","151","29","20"
"200","BielDiar","1610","10496","60","202","89","16"
"201","BreyWargPereg","1610","27690","162","425","172","83"
"202","JudCerem","1610","4732","33","58","34","0"
"203","RozAPam","1610","22519","115","479","57","8"
"204","SmotLam","1610","43517","135","679","184","100"
"205","DzwonStatColumb","1611","3658","4","110","13","3"
"206","OzimSzturm","1611","2100","12","25","7","10"
"207","SynMinKontr","1611","8308","17","205","62","6"
"208","MiasKZbior","1612","59486","308","485","313","8"
"209","MilJObKoniec","1612","1362","7","22","2","15"
"210","RozOff","1612","16078","26","202","24","48"
"211","SkarMes","1612","25065","49","526","369","74"
"212","SumKoniec","1612","286","2","2","0","2"
"213","VolcDial","1612","25259","16","560","131","9"
"214","ZwierPrzyklad","1612","111607","945","2493","432","826"
"215","PasZol","1613","3834","39","49","20","8"
"216","PetrSInst","1613","10498","59","252","9","37"
"217","RamMKolKontr","1613","1701","2","42","5","2"
"218","SyrZiel","1613","153937","816","1017","257","67"
"219","BudnyBPow","1614","41999","247","953","363","246"
"220","CesPiel","1614","13932","21","138","51","12"
"221","FraszSow","1614","5730","18","124","26","4"
"222","NowTor","1614","1560","6","31","18","0"
"223","OstrorNauka","1614","9120","65","196","80","19"
"224","SplnZabMlot","1614","89357","422","1906","714","578"
"225","WierszZalBad","1614","1249","2","19","6","2"
"226","WodGorzBad","1614","2326","6","31","11","17"
"227","ZabKalBar_I","1614","1118","3","31","9","0"
"228","ApenZawKontr","1615","1648","6","30","14","1"
"229","ChabSpos","1615","5372","19","108","31","4"
"230","FraszNow","1615","9672","29","205","52","8"
"231","KlejSanGeb","1615","1374","0","1","0","0"
"232","KomRyb","1615","3416","12","68","7","2"
"233","KunWOb","1615","679","5","4","6","0"
"234","Akta_Pozn_I","1616","107984","343","1990","685","246"
"235","ZabPol","1616","1541","0","20","0","0"
"236","CzyzAlf","1617","24979","111","464","9","248"
"237","SejmBialBad","1617","4899","11","142","14","10"
"238","SykstCiepl","1617","51593","127","1172","456","237"
"239","OstrorMysl","1618","12874","68","279","115","21"
"240","PetrSEt","1618","20111","21","509","33","246"
"241","RysProv","1618","15789","34","315","14","4"
"242","TasKochGoff","1618","17507","44","380","87","17"
"243","TwarKLodz","1618","6664","19","96","11","2"
"244","WychWies","1618","4951","11","109","27","7"
"245","ZedzKom","1618","5384","15","113","43","20"
"246","BemKom","1619","16959","34","411","7","191"
"247","ErZrzenAnKontr","1619","6497","16","108","40","19"
"248","NajmProg","1619","7579","19","182","103","7"
"249","RybMKat","1619","10461","14","162","13","95"
"250","ArKochOrlCz_III","1620","85765","476","1361","138","649"
"251","ArKochOrlCz_II","1620","239967","986","4530","1675","1019"
"252","ArKochOrlCz_I","1620","50958","126","1052","657","24"
"253","HabLisKontr","1620","732","1","13","4","1"
"254","JewPriv_II_Pil","1620","764","1","12","3","1"
"255","ZimBLisBad","1620","1281","9","22","2","0"
"256","ZrzenNowiny","1620","7957","48","154","34","5"
"257","DachDialOkon","1621","1967","2","19","5","1"
"258","JagDworz","1621","7244","11","115","59","10"
"259","PaszkMrChor","1621","1281","7","17","2","1"
"260","PosWol","1621","1886","13","40","30","0"
"261","RelWej","1621","3457","25","92","31","6"
"262","ZbigAdw","1621","5932","35","134","47","11"
"263","ArciszLamBar_Inormalized","1622","2770","6","40","17","3"
"264","GostSpos","1622","16569","41","174","84","40"
"265","SejmPiek","1622","13089","23","328","71","14"
"266","SulListyKoniec","1622","1363","20","20","18","1"
"267","BirkOboz","1623","23147","39","314","34","101"
"268","ChadzJRelKontr","1623","4681","9","84","34","3"
"269","DembPrzew","1623","31302","396","594","31","353"
"270","ZimBLutKontr","1623","2068","7","40","14","1"
"271","BirkBaszaKoniec","1624","3527","12","41","6","13"
"272","CiachPrzyp","1624","17485","89","233","110","41"
"273","GornDem","1624","7451","11","174","21","47"
"274","LamChlop","1624","1068","3","16","1","3"
"275","MiczSynOkon","1624","878","2","9","1","0"
"276","TajRadKontr","1624","4674","5","84","16","9"
"277","TatKoniec","1624","2404","21","30","15","6"
"278","WitPierKontr","1624","1201","5","10","7","1"
"279","LubienSPiosBar_Inormalized","1625","266","1","3","0","0"
"280","PacOb","1625","40691","330","875","378","48"
"281","PaszkMrTrybKontr","1625","5067","8","95","15","18"
"282","PsalArianBar_II","1625","2003","2","50","6","2"
"283","SaadiOtwSGul","1625","43177","533","1180","321","48"
"284","StarPopr","1625","33612","116","738","257","71"
"285","StarVotBar_I","1625","1524","14","24","7","1"
"286","TwarKBiczBar_I","1625","1218","1","26","5","0"
"287","DiarKwarKoniec","1626","8526","158","186","31","48"
"288","DziekKoniec","1626","639","1","7","7","1"
"289","KoniecSDzial","1626","1431","1","10","0","0"
"290","Kozub","1626","1982","8","29","11","2"
"291","SobJaDziekKoniec","1626","469","1","1","3","0"
"292","BirkZbarKoniec","1627","777","2","17","1","3"
"293","KoniecSSud","1627","3015","34","34","25","0"
"294","LancCedKoniec","1627","306","2","7","4","0"
"295","MorPamBar_I","1627","951","3","17","9","0"
"296","PetNadolKoniec","1627","1551","3","14","13","0"
"297","SzemGrat","1627","36935","98","624","451","26"
"298","AsKoniec","1628","390","1","3","1","1"
"299","DeklKoniec","1628","759","4","10","6","0"
"300","FredJKoniec","1628","988","9","30","27","2"
"301","FredJZaKoniec","1628","713","4","11","12","1"
"302","LancKoniec","1628","558","6","12","6","1"
"303","ManifKoniec","1628","1078","6","18","8","3"
"304","OpisGal","1628","1616","18","24","12","2"
"305","SmotApol","1628","53073","209","888","380","129"
"306","SzwabKoniec","1628","701","4","23","12","0"
"307","TwarKPoch","1628","10103","26","247","25","0"
"308","WiszDebBar_Inormalized","1628","412","0","3","6","1"
"309","ZadzKoniec","1628","821","1","28","17","0"
"310","ZygIIIKoniec","1628","1332","6","18","12","1"
"311","BrozPrzyd","1629","753","1","3","2","4"
"312","JewPriv_II_Kon","1629","646","1","5","0","1"
"313","ChelHGwar","1630","4604","22","90","10","2"
"314","ObDworBad","1630","333","2","5","0","0"
"315","RelHiszpP","1630","1753","10","60","4","11"
"316","InwKunGeb","1631","982","0","2","0","0"
"317","ZabSymf","1631","4920","17","66","7","3"
"318","BG_1Kor","1632","8137","10","154","12","47"
"319","BG_2Kor","1632","5726","10","127","23","35"
"320","BG_Ap","1632","10256","4","133","11","24"
"321","BG_Dz","1632","20200","305","481","79","75"
"322","BG_Kpl","1632","18708","31","265","12","1"
"323","BG_Lb","1632","25213","100","370","41","6"
"324","BG_Mt","1632","19189","171","407","31","73"
"325","BG_Ps","1632","38312","62","790","139","41"
"326","BG_Pwt","1632","22442","52","345","63","18"
"327","BG_Rdz","1632","31786","160","563","99","40"
"328","BG_Rz","1632","8062","14","128","21","38"
"329","BG_Wj","1632","25204","82","286","68","20"
"330","BirkEgz","1632","8231","9","120","46","17"
"331","GrodDysk","1632","12656","34","298","82","40"
"332","KarmWesBar_Inormalized","1632","1071","1","25","6","0"
"333","MijInter","1632","14793","39","216","136","1"
"334","DembWyw","1633","28706","96","400","225","245"
"335","DiarSmolKoniec","1633","3808","20","65","27","0"
"336","OstrorMDiarKoniec","1633","1253","10","23","21","0"
"337","WykGlosBad","1633","1254","2","23","2","3"
"338","AmbPrzypLaudWir_II","1634","381","1","1","2","0"
"339","ChelHWiesc","1634","4638","19","112","16","5"
"340","GrodzPrzes","1634","4831","9","61","9","0"
"341","NowZwyc","1634","197","0","6","1","1"
"342","NowinyMosk","1634","9805","74","137","95","2"
"343","PrzypPiesnBar_I","1634","377","1","1","1","0"
"344","RelWall","1634","2751","42","48","29","4"
"345","StarWyp","1634","8047","25","65","19","4"
"346","WiadCes","1634","176","2","2","1","0"
"347","WieszczSielGur","1634","2218","9","41","7","1"
"348","GenNisBad","1635","2622","6","34","6","1"
"349","KsZyt","1635","13215","42","107","0","0"
"350","PetrJWod","1635","12285","66","263","62","4"
"351","TwarKKolOkon","1635","811","2","15","1","0"
"352","MocProcBad","1636","880","3","16","4","1"
"353","OvZebrMet","1636","72695","531","1787","145","19"
"354","PosTabBad","1636","1087","4","21","1","1"
"355","GornDzieje","1637","38901","173","645","123","401"
"356","InwKorGeb","1637","1366","0","1","0","0"
"357","KsTorUl_1","1637","3009","13","15","1","1"
"358","HinPlesy","1638","89393","299","1801","859","27"
"359","KalCuda","1638","26659","219","472","100","51"
"360","OvOtwPrzem","1638","21363","118","561","73","34"
"361","RelTrzes","1638","1039","2","40","9","0"
"362","SpizAkt","1638","14346","72","206","101","19"
"363","VetIsland","1638","11132","42","294","6","1"
"364","AquaPrax","1639","92709","214","1902","638","192"
"365","AwLwow","1639","281","1","8","5","1"
"366","LeszczALirBar_I","1639","858","5","12","12","0"
"367","HorNaborBar_I","1640","587","2","10","1","0"
"368","KsJasUl_1","1640","3328","18","47","2","0"
"369","NaborWierWir_I","1640","12789","30","259","79","6"
"370","ObodzPanBar_I","1640","849","4","15","13","0"
"371","OlszSzkola","1640","7775","14","35","12","1"
"372","PetNaborSonBar_I","1640","338","1","5","0","0"
"373","RelBar","1640","3464","15","55","1","4"
"374","RelKat","1640","3693","5","64","3","4"
"375","RelNar","1640","1342","1","5","8","3"
"376","SakKal","1640","6911","19","100","75","19"
"377","SarbGawWierBar","1640","1060","1","19","4","1"
"378","SzlichWierszeWir_I","1640","3907","8","69","16","1"
"379","BielejObrona","1641","4334","13","59","18","11"
"380","DolBitKontr","1641","1178","5","27","11","2"
"381","DolNowKontr","1641","1329","4","28","8","0"
"382","OpalLRoz","1641","16375","40","215","120","52"
"383","InterZamKoniec","1642","1711","1","12","2","0"
"384","KsKrowUl_1","1642","1166","0","11","0","0"
"385","WitPietrKontr","1642","1201","5","10","7","1"
"386","BarMazBad","1643","2131","0","45","0","0"
"387","DialDzienOkon","1643","2739","7","55","16","2"
"388","JarzGosc","1643","16723","30","165","43","1"
"389","KsPtaszUl_1","1643","6148","13","66","4","0"
"390","NowPow","1643","788","2","10","4","0"
"391","UffDekArch","1643","13173","24","195","65","8"
"392","MohLit","1644","29724","127","504","332","28"
"393","OkolNiebo","1644","33137","128","527","94","282"
"394","WojszOr","1644","55821","290","900","502","56"
"395","InwDomLwowGeb","1645","14787","37","179","60","22"
"396","KoniecSTatar","1645","620","4","17","2","1"
"397","KorRoz","1645","32621","42","430","243","47"
"398","OtwWGadBar_I","1645","236","0","5","3","0"
"399","SzemTorBad","1645","10521","42","131","105","15"
"400","WjazdPar","1645","2628","3","15","4","0"
"401","DiarPogKoniec","1646","1306","8","11","1","0"
"402","GorAryt","1647","23908","104","265","38","266"
"403","GorMuz","1647","6042","7","98","26","56"
"404","PopSowBar_II","1647","3032","9","51","8","6"
"405","AktPasOkon","1648","1388","5","36","5","5"
"406","GawarDzien","1648","36388","305","464","125","35"
"407","NiebAnBad","1648","1188","2","28","4","4"
"408","ComConOssKoniec","1649","1630","27","18","22","2"
"409","NowSakBad","1649","5586","24","82","59","8"
"410","OstrorMZolKoniec","1649","639","5","11","5","0"
"411","SleszDow","1649","7846","26","142","99","3"
"412","StarKaz","1649","38426","158","496","113","187"
"413","WarKom","1649","318","0","3","1","0"
"414","BanHist","1650","33602","105","581","108","104"
"415","DialKrotOkon","1650","3646","8","67","7","13"
"416","GawHelBar_II","1650","867","1","12","0","0"
"417","GrodzHerbBar_I","1650","454","1","14","3","1"
"418","GrodzLutBar_I","1650","566","1","15","3","1"
"419","InsGor_1","1650","13506","56","163","48","17"
"420","InwZolkGeb","1650","2199","1","14","6","0"
"421","KsKasUl_1","1650","32468","79","468","17","9"
"422","MorszHSumBar_I","1650","5425","14","115","32","0"
"423","ObodzLegBar_I","1650","565","7","12","0","0"
"424","OpalKSat","1650","52534","156","882","380","3"
"425","OtwWPopBar_I","1650","402","0","9","3","0"
"426","PastRel","1650","5234","50","102","23","25"
"427","PiesnNowBad","1650","671","2","10","5","0"
"428","PruszczKlejn","1650","26419","42","119","36","12"
"429","Przetocki_Szkaplerzna","1650","5577","9","50","36","3"
"430","WieszczArchGur","1650","3431","6","52","22","1"
"431","WieszczOgrodGur","1650","2492","3","26","4","1"
"432","AnzObjWas","1651","22669","34","325","103","57"
"433","DialChrysOkon","1651","3611","10","77","11","6"
"434","KenEwinBad","1651","1245","5","32","3","8"
"435","KoniecZRod","1651","12108","105","157","48","6"
"436","MatlBabBad","1651","3483","8","56","2","3"
"437","BialJBratBarI","1652","1484","0","37","15","0"
"438","CezMelBarII","1652","757","2","12","7","3"
"439","WotSierpGeb","1652","2216","2","8","2","0"
"440","LubiecKsiazka","1653","5056","33","70","27","10"
"441","PolPar","1653","8030","7","116","33","5"
"442","PrzetObBar_I","1653","913","3","17","5","0"
"443","MorszAUtwKuk","1654","58094","158","1127","519","3"
"444","SatPodBar_II","1654","1987","1","60","24","0"
"445","ZimSRoks","1654","13700","68","184","72","6"
"446","NeuPoj","1655","1220","4","36","13","0"
"447","PunKwarKoniec","1655","331","1","1","0","1"
"448","DialSwietOkon","1656","3035","12","79","11","3"
"449","NiebMSatBar_I","1658","1292","13","25","12","1"
"450","FredPrzysl","1659","8711","22","239","24","1"
"451","NaukaBud","1659","6464","16","59","45","2"
"452","OdymWZalKoniec","1659","9847","51","169","34","0"
"453","FredPiech","1660","4238","25","98","16","4"
"454","KoniecAListy","1660","679","5","4","6","0"
"455","DialPanOkon","1661","4754","2","115","28","2"
"456","MerkPol","1661","26484","98","457","208","16"
"457","TwarSRytTur","1661","29847","218","575","176","0"
"458","JanKazKoniec","1662","176","0","0","1","0"
"459","OpalLPoeta","1662","2734","6","53","14","1"
"460","DzienTatom","1663","14166","74","174","100","0"
"461","KoniecSMon","1663","380","0","5","1","1"
"462","ReyWKoniec","1663","167","0","3","0","1"
"463","FurUwaz","1664","11510","25","274","68","14"
"464","GawDworz","1664","17942","42","254","40","2"
"465","DelicWlos","1665","30004","108","364","145","6"
"466","DruzbDroga","1665","74665","144","1202","212","78"
"467","SobJListy","1665","101797","353","2273","1480","7"
"468","LubJMan","1666","38638","81","571","330","31"
"469","OpisUtar","1666","1220","4","36","13","0"
"470","PersOb","1666","22654","45","338","258","15"
"471","MloszResBar_II","1667","701","0","7","4","0"
"472","GawBukBar_II","1668","2653","3","49","14","0"
"473","KochBerTur","1668","1669","1","24","8","0"
"474","PotFrasz4Kuk_I","1669","54241","379","1190","534","0"
"475","BolesEcho","1670","25694","36","375","54","65"
"476","OdymWSwiatBar_I","1670","844","6","26","4","5"
"477","PotWoj","1670","89131","548","1850","788","4"
"478","SatStesBar_II","1670","2465","6","49","15","0"
"479","BarLLutBarI","1671","799","1","33","6","0"
"480","MalinaKanBar_I","1671","150","0","0","0","0"
"481","ConKoniec","1672","685","0","0","0","0"
"482","KoniecSListy","1672","22018","132","432","228","36"
"483","MakSRelBar_II","1672","3221","11","58","14","10"
"484","HugLacPrag","1673","24939","34","405","145","3"
"485","InwRuchGeb","1673","1014","0","1","0","0"
"486","KoniecSPun","1673","579","1","5","4","1"
"487","SlawWikt","1673","4130","5","71","31","1"
"488","ZdobChorGeb","1673","652","0","3","0","0"
"489","KochProznEp","1674","12112","29","223","18","16"
"490","KochProznLir","1674","10521","31","205","8","12"
"491","PotPocztaKarp","1674","4603","28","84","36","0"
"492","FredKon","1675","30403","129","515","144","40"
"493","HaurEk","1675","42880","168","633","38","5"
"494","MorszZWierszeWir_I","1675","33804","55","550","247","10"
"495","PotLibKuk_I","1675","3483","7","62","20","0"
"496","TrembPrzedWir_I","1675","665","2","15","13","1"
"497","ZaciagWir_II","1675","915","3","13","4","2"
"498","ZbierDruzBar_II","1675","3893","12","53","11","0"
"499","ZlObiecWir_II","1675","777","0","19","3","0"
"500","BarLNowBarI","1676","344","0","2","5","0"
"501","BarLZywBarI","1676","1120","1","23","4","0"
"502","PisMow_II","1676","24571","73","393","160","26"
"503","PotMuzaKarp","1676","8214","54","195","73","0"
"504","PotSielKuk_I","1676","4081","18","83","16","0"
"505","PotZmartKuk_I","1676","9066","44","177","85","2"
"506","CzartListy","1677","30164","125","379","1","0"
"507","InwMorszGeb","1677","1231","0","0","0","1"
"508","PotFrasz1Kuk_II","1677","54082","330","1158","475","0"
"509","PotFrasz2Kuk_II","1677","75232","532","1631","783","0"
"510","PotFrasz3Kuk_II","1677","37817","264","785","367","0"
"511","PotNabKuk_I","1677","3655","15","83","12","0"
"512","PotZabKuk_II","1677","4278","26","71","30","0"
"513","BillTDiar","1678","44482","195","622","136","269"
"514","KsOw","1678","34698","207","171","0","1"
"515","LaczZwier","1678","8215","18","185","67","7"
"516","RicKlokMon","1678","88850","294","1980","1064","66"
"517","GdacPan","1679","45179","71","902","380","60"
"518","GdacPrzyd","1680","16755","19","323","132","19"
"519","KrzywChlopBad","1680","1152","2","29","0","0"
"520","MorszZEmbWyb","1680","8909","5","137","56","4"
"521","MorszZWybor","1680","29012","42","519","247","9"
"522","PotPiesRKuk_I","1680","3863","11","53","21","3"
"523","PotZacKuk_I","1680","10952","79","267","109","0"
"524","WisCzar","1680","23268","85","356","158","57"
"525","CiekAbryz","1681","5241","13","135","50","4"
"526","GawTarcz","1681","3926","8","58","21","1"
"527","GdacKon","1681","9980","28","258","88","10"
"528","KsZyw","1681","18682","107","313","0","0"
"529","MlodzKaz","1681","44554","67","1020","439","23"
"530","NiewiesKom","1681","3894","7","85","18","15"
"531","TwarSWoj","1681","29692","224","692","129","4"
"532","CzerComp","1682","21994","327","81","16","0"
"533","KoniecSObl","1682","505","1","0","0","0"
"534","KoniecSTest","1682","5264","21","43","13","5"
"535","DiarWied","1683","3635","48","65","21","5"
"536","GalAlk","1683","16383","58","276","150","21"
"537","JanIIIMar","1683","1209","3","22","19","0"
"538","KsKomUl","1683","13480","81","117","1","0"
"539","SolGeom_I","1683","94414","633","613","160","8"
"540","NiewPrerBad","1684","1190","2","30","3","1"
"541","NowSow","1684","9330","25","219","36","12"
"542","SejmPanBad","1684","3596","6","75","16","8"
"543","SolGeom_II","1684","55465","495","350","89","11"
"544","BoczPioroBarII","1685","1138","9","17","2","0"
"545","GawPiesBar_II","1685","766","4","18","4","0"
"546","InterRzewKoniec","1685","439","0","3","0","1"
"547","StanTrans","1685","29601","38","892","314","76"
"548","UmRoszZlotGeb","1686","384","0","6","1","0"
"549","BujnDroga","1688","46595","226","730","339","87"
"550","DamKuligKrol","1688","86847","347","778","306","25"
"551","PasPam","1688","69170","462","1623","892","0"
"552","PotMorKuk_III","1688","88473","605","1772","783","0"
"553","BotLeczRel_I","1689","109663","174","2016","52","774"
"554","SekrWyj","1689","26314","267","429","103","40"
"555","JewPriv_II_Nies","1690","229","0","3","0","1"
"556","BoczHirBad","1691","766","5","9","2","1"
"557","InsGor_2","1691","5696","25","104","20","11"
"558","PotAbKuk_III","1691","1466","20","28","8","0"
"559","TylkRoz","1692","95357","167","2839","424","505"
"560","AkZbrojGeb","1693","3270","0","1","2","0"
"561","ChrosKon","1693","54190","292","1427","195","12"
"562","JemPam","1693","90726","1284","1797","534","5"
"563","BesKuligHer","1694","22745","47","237","118","30"
"564","ObLazGeb","1694","378","0","1","0","0"
"565","AndPiekBoh","1695","60103","479","1204","208","305"
"566","KwiatDzieje","1695","52506","281","982","491","72"
"567","OvChrosRoz","1695","21493","118","580","86","1"
"568","BoczOstBar_II","1696","331","2","6","1","0"
"569","Gutowski+nawiedzenie","1696","2783","7","51","14","0"
"570","InwSkarbWarGeb","1696","1588","0","4","0","0"
"571","InwWilan","1696","13816","3","40","0","0"
"572","MalczInst","1696","707","0","4","3","0"
"573","MalczInstGleich","1696","3429","18","78","23","0"
"574","NamKrolGeb","1696","231","0","2","0","0"
"575","PotFrasz5Kuk_III","1696","7811","61","145","67","0"
"576","PotPoczKuk_III","1696","23455","155","464","195","0"
"577","SarPam","1696","136680","700","2396","1454","47"
"578","SenBardzTrag","1696","15681","26","451","37","5"
"579","AwWar","1697","515","0","15","7","1"
"580","BratSwiatBar_II","1697","1869","2","28","5","0"
"581","CzerDwor","1697","2446","3","10","3","0"
"582","InwBronGeb","1697","819","0","0","0","0"
"583","KsJasUl_2","1697","1995","7","21","4","0"
"584","RelWjazdKrol","1697","3266","22","18","3","3"
"585","SchedMuzaBar_II","1697","1516","2","19","5","0"
"586","InnListAug","1698","389","2","6","5","0"
"587","KorczWiz","1698","22224","108","489","128","69"
"588","MorszSZaleBar_II","1698","2006","7","48","18","1"
"589","RelLow","1698","4709","12","54","43","1"
"590","KorczFrasz","1699","6400","19","104","33","8"
"591","KsKasUll_2","1699","12889","39","210","5","0"
"592","KsKrowUl_2","1699","2484","8","26","23","8"
"593","KsPtaszUl_2","1699","585","5","7","1","0"
"594","KuligDemBar_II","1699","3478","9","16","21","4"
"595","NiemBajkiBar_II","1699","996","5","22","28","0"
"596","PotNagKuk_I","1699","7047","48","120","47","0"
"597","WadDanBar_II","1699","760","0","8","2","1"
"598","CezKonBarII","1700","194","0","1","0","0"
"599","ClaudUstHist","1700","25833","127","568","93","3"
"600","DialBozOkon","1700","894","4","16","3","0"
"601","DialNarOkon","1700","853","0","17","7","0"
"602","DobKKronRzecz","1700","75","0","0","0","0"
"603","GorzWol","1700","23689","84","632","322","8"
"604","PasOkon","1700","1703","0","56","5","1"
"605","RelSapRzecz","1700","876","18","21","3","0"
"606","RelWyj","1700","3457","25","92","31","6"
"607","TrembWierszeBar_II","1700","199","0","4","0","0"
"608","WojDespBar_II","1700","490","0","13","6","0"
"609","RelRyg","1701","2071","27","46","17","0"
"610","TwarSPas","1701","27313","153","645","132","1"
"611","FlorTriling","1702","7649","12","238","5","0"
"612","HaurMerBar_II","1702","173","0","3","0","0"
"613","KoniecJATestRak","1702","3512","16","21","7","0"
"614","ListSamRzecz","1702","424","4","6","4","0"
"615","LubSPir","1702","5294","12","130","33","4"
"616","KarSEgzRzecz","1703","3265","19","75","42","4"
"617","KsTorUl_2","1703","639","4","11","2","0"
"618","WojPeroraBar_II","1703","1057","5","23","8","1"
"619","EkscListRzecz","1704","279","3","6","3","0"
"620","InsCel","1704","7219","5","61","10","3"
"621","Wegrzynowicz+Narodzenie","1704","4085","13","58","38","2"
"622","ChrosJob","1705","28249","107","699","90","11"
"623","PiskorKaz","1705","25311","91","327","115","3"
"624","SamTrakt","1705","16968","10","250","104","80"
"625","Piskorski+szkaplerz","1706","2667","3","18","13","0"
"626","SzumInw","1706","11453","3","45","0","0"
"627","KolTron","1707","11321","124","237","94","6"
"628","RuchZolkGeb","1707","1226","0","6","0","0"
"629","RybZRelRzecz","1708","703","16","12","4","0"
"630","DialJezOkon","1709","2388","4","47","7","0"
"631","KrzywdaRzecz","1712","500","5","8","1","0"
"632","MurChwalPam","1712","13851","42","197","23","42"
"633","ZgubWolRzecz","1714","2889","3","66","38","0"
"634","ChlopSasRzecz","1715","529","0","14","2","1"
"635","JarBerRzecz","1715","765","0","7","7","0"
"636","InsWolRzecz","1716","135","3","3","0","0"
"637","KalPolRzecz","1716","1289","4","44","19","2"
"638","PromMed","1716","56950","327","849","79","1"
"639","RybMManRzecz","1716","452","2","8","3","0"
"640","SuffProwRzecz","1716","448","0","8","1","0"
"641","Bielicki+wniebowziecie","1717","4275","21","55","31","0"
"642","BrzezOwRzecz","1717","237","1","2","3","0"
"643","DyakDiar","1717","12168","74","330","142","10"
"644","KsKrowUl_3","1717","1864","23","30","15","5"
"645","ScudZawiszHist","1717","14710","59","358","288","36"
"646","SprawyCzerUl","1717","14790","84","244","0","0"
"647","ZawiszaPam","1717","74488","439","1217","321","21"
"648","KsGrotUl","1718","1460","5","30","1","0"
"649","PoczKrol","1718","22224","71","343","234","3"
"650","PropKanRzecz","1718","1022","0","7","5","2"
"651","RuchBielGeb","1718","343","1","4","0","0"
"652","SupKuzRzecz","1718","610","4","4","4","1"
"653","CompMed","1719","45114","219","738","82","0"
"654","KoniecJATestKryl","1719","3171","3","37","29","1"
"655","KoniecJAZap","1719","261","0","3","0","0"
"656","TrembWierszeWir_II","1719","18787","48","261","181","26"
"657","ZierDruzWir_I","1719","29435","48","405","147","18"
"658","InsOtwRzecz","1720","1686","0","17","12","3"
"659","PunktaDuchRzecz","1720","1047","5","15","6","0"
"660","RzewKor","1720","11422","26","172","27","1"
"661","Sapecki+Koronacja","1720","4377","7","47","22","0"
"662","JewPriv_II_BialKam","1721","499","1","12","1","2"
"663","DworHunGeb","1722","231","0","2","0","0"
"664","PrechDzialKaw","1722","10819","91","247","241","0"
"665","Bujdecki+wniebowziecie","1724","2199","6","33","14","0"
"666","JevPriv_II_Lw","1725","1013","3","12","1","1"
"667","DobraDuchRzecz","1726","1440","0","14","9","2"
"668","JewPriv_II_Sasow","1727","639","3","11","1","1"
"669","LosLutBar_II","1727","357","1","10","4","0"
"670","PretChlopRzecz","1727","796","0","5","4","0"
"671","RodLudzOkon","1727","1987","3","37","14","0"
"672","OtwEDziejeCzech","1728","92478","716","1673","885","5"
"673","RefBrodRzecz","1728","758","5","16","8","5"
"674","RelKor","1728","4721","15","27","6","0"
"675","Sokolowski+oczyszczenie","1728","1536","3","40","13","0"
"676","BystrzListRzecz","1730","271","1","5","2","1"
"677","BystrzPolRzecz","1730","1250","1","17","7","0"
"678","BystrzPrakChron","1730","1697","9","15","18","6"
"679","JablSkrup","1730","15001","53","282","189","2"
"680","DunKalRzecz","1731","996","2","10","0","1"
"681","JunRef","1731","8499","13","224","18","0"
"682","Filipowicz+Oktawa","1732","1682","2","17","28","0"
"683","GosPos","1732","17859","71","438","82","7"
"684","GosPosBar_II","1732","2212","6","47","13","0"
"685","InfSejmRzecz","1732","239","1","5","1","0"
"686","BystrzPol","1733","32832","75","427","251","107"
"687","KonSRoz","1733","37259","24","602","525","9"
"688","LeszczStGlos","1733","47943","124","1024","0","0"
"689","RudnPiesnBar_II","1733","1478","3","24","5","0"
"690","SzlachSasRzecz","1733","831","4","21","10","0"
"691","WojPacierzBar_II","1733","324","0","3","2","0"
"692","ZarzLudzRzecz","1734","939","4","21","8","1"
"693","82_GazPol","1736","2082","10","25","10","1"
"694","83_GazPol","1736","1854","4","21","5","3"
"695","90_GazPol","1736","3217","14","21","12","1"
"696","92_GazPol","1736","1998","8","15","11","1"
"697","93_GazPol","1736","1910","8","16","7","4"
"698","94_GazPol","1736","3324","14","40","19","8"
"699","97_GazPol","1736","3124","10","34","5","2"
"700","WojMarsBar_II","1736","143","0","2","0","0"
"701","NiesKor_II","1738","41485","149","432","246","13"
"702","RuchSkarbGeb","1738","1920","0","1","0","0"
"703","SupGniezUl","1738","1421","1","14","0","0"
"704","SzkolRzewGeb","1738","1886","0","7","0","0"
"705","InsWybCla","1739","1576","0","2","0","0"
"706","JewPriv_II_Lubar","1739","619","2","5","2","1"
"707","KonstGrod","1739","1436","2","10","1","1"
"708","KonstLub","1739","8918","22","76","9","12"
"709","KonstLubLit","1739","5725","9","52","5","8"
"710","KonstWarsz","1739","1702","1","8","2","2"
"711","InwObrazZolkGeb","1740","6140","0","19","0","0"
"712","LubSwiat","1740","56837","167","782","265","0"
"713","DunKwal","1741","17902","46","303","43","152"
"714","JewPriv_II_Fram","1741","354","1","1","1","0"
"715","UrfeRubJanAwan","1741","30087","457","769","457","15"
"716","BystrzInfArch","1743","11413","12","173","14","3"
"717","BystrzInfArchW","1743","8034","22","111","10","8"
"718","BystrzInfArtyl","1743","5408","26","87","8","15"
"719","BystrzInfAstrol","1743","10246","10","188","178","28"
"720","BystrzInfAstron","1743","12497","32","286","47","73"
"721","BystrzInfChron","1743","6217","7","129","50","12"
"722","BystrzInfCosm","1743","27560","46","586","166","96"
"723","BystrzInfElem","1743","9816","18","239","15","47"
"724","BystrzInfGeogr","1743","29987","47","404","61","79"
"725","BystrzInfHydr","1743","6078","12","105","16","29"
"726","BystrzInfPolem","1743","2886","9","64","5","3"
"727","BystrzInfRozn","1743","7180","20","96","20","13"
"728","BystrzInfStat","1743","3831","2","69","3","3"
"729","BystrzInfTak","1743","3243","13","51","5","2"
"730","BystrzInfZup","1743","10474","16","146","43","48"
"731","HumListRzecz","1743","408","2","6","4","0"
"732","InsGor_3","1743","43255","97","802","143","3"
"733","RadzKwest","1743","22976","55","449","323","8"
"734","DunCiek","1744","5182","3","80","4","31"
"735","ChmielAteny_I","1745","272493","970","3534","2101","173"
"736","DanOstSwada","1745","25942","72","311","182","12"
"737","UmFenRzezGeb","1745","947","0","13","0","4"
"738","WypARzewGeb","1745","1919","0","1","0","0"
"739","ChmielAteny_II","1746","206909","794","2222","985","70"
"740","JawJon","1746","14110","12","228","86","1"
"741","InwChelm","1747","76320","40","256","57","5"
"742","Wysocki+rozancowa","1747","5908","6","67","41","0"
"743","Brzezinski+pocieszenia","1748","3269","12","70","24","7"
"744","ZamLaszGeb","1748","17930","16","33","2","0"
"745","BeimJelMed","1749","23854","190","419","47","22"
"746","DembowPunktBar_II","1749","1869","5","46","15","0"
"747","JablJHistBar_II","1749","1591","8","28","16","1"
"748","NotAk","1749","4352","9","67","8","4"
"749","WypKRzewGeb","1749","445","0","1","0","0"
"750","ZdzanElem","1749","7174","23","189","31","1"
"751","HylInf","1750","24854","229","478","142","3"
"752","KsKasUl_3","1750","18096","90","350","71","4"
"753","KsPtaszUl_3","1750","2284","6","38","5","0"
"754","RozPasOkon","1750","1751","0","42","0","0"
"755","KarpRady","1751","263","0","5","1","0"
"756","SkorKotLechBar_II","1751","915","2","23","9","0"
"757","CorMorszACyd","1752","14885","36","345","106","4"
"758","DruzZbior","1752","83507","199","1389","526","13"
"759","GarczAnat","1753","31410","68","557","317","9"
"760","Murczynski+Exorta","1753","1494","3","16","18","0"
"761","ChmielAteny_III","1754","203125","857","2751","930","441"
"762","GelPrzyp","1754","41566","162","1081","440","10"
"763","KsJasUl_3","1754","2863","14","43","11","0"
"764","ChmielAteny_IV","1756","192628","796","2342","725","387"
"765","InwKatLwowGeb","1756","1342","3","3","1","0"
"766","KepMysliBar_II","1756","974","0","19","9","8"
"767","KronZakBaracz","1756","9288","33","117","28","1"
"768","RadziwHDiar","1756","84759","745","1318","580","4"
"769","KsKlim","1762","23441","160","368","123","70"
"770","Szczepanowski+nawiedzenie","1762","2525","4","40","9","23"
"771","CycNagMowy","1763","20042","30","457","273","24"
"772","KonSSpos","1763","46066","54","989","547","22"
"773","LubHist","1763","54169","382","764","186","3"
"774","29_GazWil","1765","2607","10","32","8","11"
"775","31_GazWil","1765","2535","6","46","9","5"
"776","6_GazWil","1765","2898","5","46","6","6"
"777","MatDiar","1765","238353","1386","4057","2321","180"
"778","13_GazWil","1766","2626","5","46","11","15"
"779","24_GazWil","1766","2522","10","31","8","5"
"780","BohFStar","1766","11673","17","211","146","12"
"781","1_GazWil","1767","2446","8","36","14","19"
"782","21_GazWil","1767","2300","10","27","10","2"
"783","42_GazWil","1767","2161","7","33","9","8"
"784","ChesMinFilozof","1767","11001","20","260","46","19"
"785","KsKasUl_4","1767","7701","43","142","67","2"
"786","KsPtaszUl_4","1767","4245","37","83","12","4"
"787","CoqMinNic","1769","8746","14","210","63","10"
"788","DuhMalSpos","1769","13393","17","420","173","5"
"789","KryszStat","1769","31344","91","658","206","16"
"790","BohJProg_II","1770","44072","171","866","23","179"
"791","BohProg_I_Wstep","1770","8723","24","277","15","55"
"792","BrohJProg_I","1770","32801","95","865","72","345"
"793","16_GazWil","1771","2123","4","44","6","16"
"794","37_GazWil","1771","2069","1","46","2","29"
"795","48_GazWil","1771","2100","3","28","5","15"
"796","JewPriv_II_Szczucin","1771","631","0","9","3","1"
"797","KsKrowUl_4","1771","10575","45","161","89","20"
"798","WolfTrakt","1771","7713","25","202","82","6"
"799","DworMlynGeb","1772","765","0","1","0","0"
"800","Monitor","1772","15040","30","379","33","167"
"801","PiotrKaz","1772","15318","32","264","102","15"
"802","PiramKaz","1772","4064","4","63","16","6"
"803","SzybAtlas","1772","41330","52","783","53","40"
"804","Nerezjusz+Ofiarowanie","1774","3660","5","105","9","7"
"805","InwKal_II","1775","119267","77","836","72","2"
"806","KrasickiAntymonachomachia","1780","5133","5","182","19","9"
"807","KarpPowrot","1784","609","1","9","6","0"
"808","KrajewskiWoyciechZdarzynski","1785","30310","140","779","111","345"
"809","NiemcewiczPowrotPosla","1790","11487","21","296","101","1"
"810","StaszicPrzestrogi","1790","46026","45","862","249","96"
"811","HoffmanDziennik","1796","38517","71","828","442","51"
"812","MickiewiczLilie","1820","1470","1","25","3","1"
"813","MickiewiczOdaDoMlodosci","1820","368","1","6","0","0"
"814","MickiewiczPiesnFilaretow","1820","223","0","4","0","0"
"815","MickiewiczDoLelewela","1822","1532","3","21","6","0"
"816","MickiewiczPowrotTaty","1822","449","1","7","1","0"
"817","MickiewiczRomantycznosc","1822","366","0","9","1","0"
"818","MickiewiczSwitez","1822","1008","2","20","7","0"
"819","MickiewiczSwitezianka","1822","769","3","18","0","0"
"820","MickiewiczTwardowska","1822","578","1","9","0","0"
"821","MickiewiczDziady_I","1823","2893","2","45","10","1"
"822","MickiewiczGrazyna","1823","7116","14","117","35","9"
"823","MalczewskiMaria","1825","10660","26","227","37","1"
"824","Hoffmanowa_dziennik","1826","20058","39","466","226","25"
"825","MickiewiczSonetyKrymskie","1826","1847","4","43","3","0"
"826","MickiewiczSonetyOdeskie","1826","4185","8","71","23","0"
"827","AntoniewiczBielany","1828","1297","4","34","1","0"
"828","GoszczynskiZamekKaniowski","1828","16392","18","418","77","0"
"829","MickiewiczWallenrod","1828","11995","31","217","51","0"
"830","MickiewiczAlpy","1829","228","1","8","3","0"
"831","1830-50_KrasinskiListy","1830","249897","210","5943","2944","50"
"832","SuchodolskiSpiewRewolucyjny","1831","158","8","1","2","0"
"833","SuchodolskiTrzeciMaj","1831","75","0","0","0","0"
"834","KrasinskiResurrecturis","1832","667","1","14","1","0"
"835","MickiewiczKsiegiNarodu","1832","12961","15","333","32","102"
"836","MickiewiczReduta","1832","846","1","19","2","0"
"837","MickiewiczDoSzymanowskiej","1834","78","0","2","0","0"
"838","MickiewiczPanTadeusz","1834","68199","252","1497","555","29"
"839","KrasinskiNieBoskaKomedia","1835","15855","4","379","61","2"
"840","RozyckiWyprawaJeneralaDwernickiego","1837","18864","63","344","264","30"
"841","SkalkowskiBartoszu","1837","114","0","0","1","0"
"842","RzewuskiPamiatki","1839","75629","339","2016","1085","83"
"843","BielowskiZaNiemen","1840","181","0","1","1","0"
"844","GoszczynskiKrolZamczyska","1842","30180","30","700","279","6"
"845","Goszczynski_krol","1842","28088","30","701","280","6"
"846","Fredro_Trzy","1846","49135","139","1207","435","5"
"847","ZmichowskaPoganka","1846","36685","32","830","348","12"
"848","kraszewski_kordecki","1850","97164","304","3087","682","15"
"849","korzeniowski_emeryt","1851","87451","389","2553","1062","28"
"850","korzeniowski_emeryt","1851","79144","389","2553","1062","28"
"851","kaczkowski_murdelio","1853","131055","606","3329","1408","45"
"852","korzeniowski_garbaty","1853","98309","501","2738","1324","14"
"853","KraszewskiDjabel","1855","123942","441","3884","1031","10"
"854","korzeniowski_krewni","1856","61509","259","1659","832","28"
"855","kaczkowski_grob","1857","193086","534","5076","1696","36"
"856","kaczkowski_grob","1857","175779","534","5076","1696","36"
"857","balucki_przebudzeni","1864","49070","59","1540","407","1"
"858","marrene_bozek","1871","50661","49","1377","386","47"
"859","marrene_bozek","1871","47330","49","1377","385","47"
"860","marrene_roza","1872","64837","65","1773","613","81"
"861","kraszewski_lalki","1874","50364","162","1808","446","126"
"862","balucki_murzyn","1875","66054","127","2008","897","19"
"863","marrene_mezowie","1875","69608","92","1878","345","311"
"864","deotyma_rozdrozu","1877","79594","148","2261","1019","17"
"865","deotyma_rozdrozu","1877","74676","148","2261","1004","17"
"866","orzeszkowa_meir","1878","97497","115","2324","476","67"
"867","deotyma_zagadka","1879","45681","89","1156","549","1"
"868","deotyma_zagadka","1879","42816","89","1156","549","1"
"869","dygasinski_wilk","1883","15387","16","430","86","30"
"870","dygasinski_wilk","1883","14323","16","430","86","30"
"871","sienkiewicz_ogniem","1884","173233","477","4552","1532","173"
"872","sygietynski_calvados","1884","47501","291","1400","232","1"
"873","sygietynski_calvados","1884","43199","291","1399","232","0"
"874","balucki_burmistrz","1887","32595","46","909","452","12"
"875","rodziewicz_straszny","1887","32472","25","889","130","0"
"876","kraszewski_piast","1888","75370","175","2633","625","145"
"877","orzeszkowa_niemnem","1888","164774","257","3985","1326","9"
"878","swietochowski_prawdy","1888","22604","62","527","280","4"
"879","swietochowski_prawdy","1888","21365","62","527","280","4"
"880","zapolska_kaska","1888","100459","212","3019","575","7"
"881","zapolska_kaska","1888","91853","212","3019","575","7"
"882","kaczkowski_olbrachtowi","1889","265124","617","7247","2709","31"
"883","dygasinski_piszczalski","1890","86523","78","2125","611","52"
"884","prus_lalka","1890","248599","545","6870","3293","20"
"885","prus_lalka","1890","230247","545","6867","3293","20"
"886","rodziewicz_miedzy","1890","54992","37","1595","284","3"
"887","sygietynski_wysadzony","1891","54683","104","1410","322","52"
"888","deotyma_panienka","1893","68829","136","1595","535","3"
"889","prus_emancypantki","1894","249762","572","7000","3462","56"
"890","sienkiewicz_rodzina","1894","212098","619","5726","3938","165"
"891","dygasinski_as","1896","40665","76","1062","355","40"
"892","reymont_komediantka","1896","83606","77","2422","1009","19"
"893","reymont_komediantka","1896","76237","77","2422","1009","19"
"894","sienkiewicz_quo","1896","168368","670","4282","2271","168"
"895","beczkowska_bedzie","1897","35609","48","1160","337","10"
"896","godlewska_kato","1897","90078","135","2377","1247","10"
"897","godlewska_kwiat","1897","24431","48","613","241","2"
"898","godlewska_kwiat","1897","22348","48","613","241","2"
"899","godlewska_ninka","1897","14786","15","429","96","0"
"900","prus_faraon","1897","193855","345","4983","2103","21"
"901","zeromski_syzyfowe","1897","62185","101","1419","397","0"
"902","beczkowska_droga","1898","82957","115","2747","799","17"
"903","beczkowska_droga","1898","77203","115","2746","799","17"
"904","beczkowska_gniezdzie","1899","47078","84","1600","418","14"
"905","reymont_obiecana","1899","171405","132","4847","1516","20"
"906","zeromski_bezdomni","1899","98459","76","2566","770","3"
"907","berent_prochno","1903","75271","101","2454","373","7"
"908","dmochowska_dwor","1903","132873","122","3733","1174","35"
"909","dmochowska_dwor","1903","119495","122","3733","1174","35"
"910","zulawski_srebrnym","1903","59402","137","1793","680","13"
"911","krzemieniecka_fatum","1904","38133","58","1267","175","16"
"912","zapolska_tagiejew","1905","89474","120","2903","635","148"
"913","nalkowska_kobiety","1906","41387","16","1075","426","4"
"914","dmochowska_obraczka","1907","58742","34","1683","677","29"
"915","reymont_chlopi","1908","305878","426","10642","3604","150"
"916","mniszek_tredowata","1909","162863","114","3822","1214","1"
"917","domanska_paziowie","1910","40694","81","1090","279","7"
"918","krzemieniecka_odejdzie","1910","54131","108","1620","313","29"
"919","krzemieniecka_odejdzie","1910","49660","108","1620","312","29"
"920","mniszek_ordynat","1910","48667","25","1362","345","1"
"921","orzeszkowa_gloria","1910","102981","134","2370","794","7"
"922","zulawski_zwyciezca","1910","82100","261","2180","820","67"
"923","zulawski_zwyciezca","1910","75360","261","2180","820","67"
"924","zapolska_smierc","1911","19581","35","592","148","24"
"925","domanska_historia","1913","53494","66","1522","322","1"
"926","Domanska_Krysia","1914","29375","62","824","223","6"
"927","dmochowska_odlamana","1914","50559","35","1457","444","29"
"928","domanska_krysia","1914","31734","62","822","220","6"
"929","mniszek_gehenna","1914","171237","160","3999","1381","7"
"930","mniszek_gehenna","1914","158960","160","3999","1381","7"
"931","swietochowski_drygalowie","1914","44391","91","1054","505","3"
"932","zulawski_laus","1914","61664","125","1724","686","21"
"933","makuszynski_drodze","1917","53582","113","1280","559","1"
"934","Berent_zywe","1918","75851","140","2485","416","13"
"935","berent_kamienie","1918","78009","134","2368","414","13"
"936","berent_kamienie","1918","70239","134","2368","414","13"
"937","sygietynski_ogien","1918","40674","37","1064","77","150"
"938","rodziewicz_lato","1920","44805","27","1387","218","0"
"939","samozwaniec_ustach","1922","14236","41","356","55","1"
"940","samozwaniec_ustach","1922","13001","41","356","55","1"
"941","Korczak_Krol","1923","62345","17","1917","1077","0"
"942","krzemieniecka_wichry","1923","75740","141","2471","510","120"
"943","krzemieniecka_wichry","1923","69471","141","2471","510","120"
"944","nalkowska_romans","1923","45106","26","1238","458","5"
"945","Grabinski_Salamandra","1924","28259","90","808","157","0"
"946","zeromski_przedwiosnie","1924","81983","86","1851","387","134"
"947","Zurakowska_Skarby","1925","28492","86","939","286","19"
"948","kossak_zmilosci","1925","35631","68","817","222","25"
"949","kossak_zmilosci","1925","33023","68","817","222","25"
"950","Witkiewicz_Pozegnanie","1927","86766","93","2370","670","2"
"951","zarzycka_dzikuska","1927","34011","51","848","268","1"
"952","zarzycka_dzikuska","1927","31472","51","848","268","1"
"953","kuncewiczowa_twarz","1928","13257","20","279","79","0"
"954","dabrowska_nocednie1","1931","76599","149","2468","1154","0"
"955","zarzycka_irka","1931","15051","12","296","115","1"
"956","dabrowska_nocednie2","1932","71289","184","2284","1027","1"
"957","iwaszkiewicz_panny","1932","18255","14","532","236","11"
"958","mostowicz_kariera","1932","81566","70","2513","1143","16"
"959","dabrowska_nocednie3","1933","178184","445","6116","2501","1"
"960","dabrowska_nocednie3","1933","164155","445","6116","2501","1"
"961","kuncewiczowa_ksiezyce","1933","21675","40","529","120","0"
"962","gojawiczynska_ziemia","1934","37394","26","977","160","75"
"963","iwaszkiewicz_czerwone","1934","106029","118","2968","780","70"
"964","zarzycka_wiatr","1934","48095","48","979","458","1"
"965","zarzycka_wiatr","1934","44316","48","978","458","1"
"966","gojawiczynska_dziewczeta","1935","73700","26","2084","553","77"
"967","kossak_bog","1935","90493","112","2096","760","15"
"968","nalkowska_granica","1935","78618","25","2076","1092","4"
"969","nalkowska_granica","1935","72650","25","2076","1092","4"
"970","iwaszkiewicz_mlyn","1936","21996","39","674","209","2"
"971","kuncewiczowa_cudzoziemka","1936","28411","32","711","204","0"
"972","kuncewiczowa_cudzoziemka","1936","24638","29","655","195","0"
"973","mostowicz_murek","1936","86382","69","2532","1022","15"
"974","swietochowski_twinko","1936","37475","77","974","379","1"
"975","berent_diogenes","1937","31184","44","753","186","6"
"976","gojawiczynska_jablon","1937","111216","107","3159","955","23"
"977","gojawiczynska_jablon","1937","101238","107","3159","955","23"
"978","kossak_oreza","1937","105083","101","2833","1076","28"
"979","makuszynski_basie","1937","43015","137","1052","490","3"
"980","Dolega_Mostowicz_Profesor","1938","95113","67","3097","1622","17"
"981","mostowicz_hanki","1939","95506","41","2724","1955","6"
"982","makuszynski_szalenstwa","1940","62305","128","1565","884","6"
"983","makuszynski_szalenstwa","1940","57706","128","1565","883","6"
"984","Fiedler_Dziekuje","1944","36821","34","989","268","0"
"985","Dygat_Jezioro","1946","70298","35","2383","897","39"
"986","Borowski_Pozegnanie","1947","7576","36","236","25","1"
"987","Andrzejewski_Popiol","1948","69159","135","2654","569","1"
"988","Dobraczynski_Swiety","1949","90778","150","2897","918","26"
"989","Czeszko_Pokolenie","1951","61668","20","1505","484","12"
"990","Rudnicka_Uczniowie","1951","50731","59","1796","346","0"
"991","Kossak_Przymierze","1952","106144","222","2654","905","178"
"992","Newerly_Pamiatka","1952","111934","238","3198","1051","3"
"993","Niziurski_Ksiega","1954","100789","78","3888","1330","5"
"994","Milosz_Dolina","1955","17736","10","721","211","0"
"995","Szczepanski_Polska","1955","76700","80","2561","464","2"
"996","Bratny_Kolumbowie","1957","159654","249","4428","1369","12"
"997","Szklarski_Tomek","1957","63613","32","2174","576","25"
"998","Zeydler-Zborowski_Czarny","1958","41358","30","1341","597","4"
"999","Mach_Zycie","1959","7244","4","252","53","0"
"1000","Breza_Urzad","1960","65357","109","2084","1073","2"
"1001","Kowalewski_Czarne","1961","37477","1","1320","553","0"
"1002","Iredynski_Dzien","1962","54532","47","1613","773","79"
"1003","Zbych_Stawka","1967","103706","55","2783","1491","12"
"1004","Minkowski_Szalenstwo","1972","42037","8","1316","559","0"
"1005","Konwicki_Kronika","1974","13612","7","366","89","2"
"1006","Nowacka_Moze","1976","44482","26","1346","676","7"
"1007","Boglar_nieGlaskac","1978","21411","12","703","140","3"
"1008","Krzyszton_Obled","1980","24097","25","823","249","2"
"1009","Jozefacka_lotnica","1984","56641","33","2528","684","2"
"1010","Kuriata_Spowiedz","1985","13412","4","392","239","5"
"1011","Skrzyposzek_Wolna","1985","133295","33","4001","1999","69"
"1012","Tomaszewska_Pan","1986","13432","13","414","130","0"
"1013","Borowa_Dominika","1988","49445","8","1296","562","0"
"1014","Bielecki_Dziewczyna","1997","36141","9","1089","542","3"
"1015","Glebski_Kuracja","1998","38563","11","1196","549","2"
"1016","Nowacka_As","1998","33109","29","1180","448","1"
"1017","Bukowski_Wyslannik","1999","42056","6","1272","361","0"
"1018","Nowakowski_Gdzie","2007","37104","14","1296","84","0"
"1019","Kaszynski_Skarb","2008","84217","16","3006","1071","2"
"1020","Siarkiewicz_Kuznia","2008","69810","16","2183","973","0"
"1021","Rakusa_Zona","2010","49662","12","1400","714","0"
